,id,text
0,e8483fccea2f1e3dfd944a7d82a8406a507e36cbe2369b11fc04db63eed73417,: Tissue engineering technology and tissue cell-based stem cell research have made great strides in treating tissue and organ damage  correcting tissue and organ dysfunction  and reducing surgical complications.
1,52903d2c573db7e9041a5931c67448a76564b4f05fb380f29779071494e7f41b,In the past  traditional methods have used biological substitutes for tissue repair materials  while tissue engineering technology has focused on merging sperm cells with biological materials to form biological tissues with the same structure and function as their own tissues.
2,1c30070ef4f992ed669f153500040a94c3f2100bf746e835a4c51af1374db9d4,The advantage is that tissue engineering technology can overcome donors.
3,fbe3294145c21146ef517e075956cdda59df4c0bea5b3a5732e09c727034dc2d,Material procurement restrictions can effectively reduce complications.
4,9798e7ec4a5c66c1e31a18578628872c7f29e7bfb18f9a261e02ee81850fff5a,The aim of studying tissue engineering technology is to find sperm cells and suitable biological materials to replace the original biological functions of tissues and to establish a suitable in vivo microenvironment.
5,a12c3898aaa70ff837d13d553aa9f522b9068eddbb87f1bcbbe8ed5edfbbe380,This article mainly describes the current developments of tissue engineering in various fields of urology and discusses the future trends of tissue engineering technology in the treatment of complex diseases of the urinary system.
6,80fa399f120fb82b003672bb3000a275efa857051e45dc2385ab0fc27127519b,The results of the research in this article indicate that while the current clinical studies are relatively few  the good results from existing animal model studies indicate good prospects of tissue engineering technology for the treatment of various urinary tract diseases in the future.
7,24edf95b430daf10f44ce915c13d77e660079784f2743b839ee5c782c7ff65de,Keywords: Tissue engineering; kidney; ureter; bladder; urethra.
8,758289018291541e503b4a8a99a3fb528931b213d1427f9f0fc8196320a38e36,Urinary system tissue damage and organ loss caused by degenerative diseases  trauma or tumors have always been problems that urology needs to solve.
9,6d957b46105373ba7ca7179939925ff9622996bed34e1b48851bd75a3b30aecc,In the past  autologous tissues were used to replace them  such as genital skin  bladder mucosa  oral mucosa  etc.  but often It can cause various complications such as hair growth  stenosis  stone formation  and diverticulum formation.
10,7d3cd3781d824e23e2e7ab52f0e42334e0a4ffd4c41922a663d3dce2116814d9,Moreover  because the materials are taken from their own tissues  they are often limited by the source of the donor material  and complications at the donor site are prone to occur.
11,61acf09aaf42fb2402f2ba7c731191d1bbb7267359f8dcae59aee6fe74194cdd,In the case of end-stage organ failure  transplantation is usually used.
12,33151762b6f902eef162a40231c46cf3e1be40c2afeb41aafef9228925a000cf,Although transplantation technology is relatively mature  the results are not always satisfactory in terms of immune control and suppression of complications.
13,293902d95dca0d0fc2a948a00c2ec8c8abf5a00f0082ce6f2fd405aa6be68340,In addition  the number of organ donors in the country and the world is far below the demand for transplantation  and the population is gradually aging  and the number of people with reduced tissue and organ function is increasing.
14,095979ff57648faab1e5d13ae45d23caa00e6df891c872083dcd1bf048f7d4eb,If the length of the ureter and urethra is large  repair  operations are sometimes difficult to perform.
15,6c4090380217b0a4a6b8b3f9b81495d53cd3684a2be367f7ff29cd35a5e2765d,Therefore  to solve these problems  it is necessary to find a way to replace or regenerate damaged organs and tissues.
16,1aed0164d5f8efeb90283d7caaeeb809d107b9ac33f92623a309301765e9b6b2,The development of regenerative medicine and tissue engineering allows people to further understand the mechanism of tissue regeneration and find ways to regenerate damaged tissues or organs.
17,d6ccd132f065a2c94003440b67071017d409886d7ee8ab37fef933f763ed7cc4,It is now possible to improve tissue regeneration capacity or use biomaterial scaffolds combined with stem cells to repair damaged tissues and organs  to restore the functions of tissues and organs and improve the quality of life of patients.
18,975e4836840002d6cf2423db77fcb0eec46657a60a8e45b685016d7712a5aeb1,This article reviews the achievements in basic research and clinical application of tissue engineering technology in urology in recent years  to provide direction and guidance for future research and innovation in this field.
19,55e18657adb0ea0cd6f084024889719072612e5ba463c51df1aea0b14241dd24,No ascii letters. Please enter your text in English.
20,d9d0dce1f81f27458c9a0c7ff006062884c9aec8793052897ae0a43997bad896,Overview of urinary system tissue engineering Tissue engineering is the science of constructing biological substitutes to maintain or repair damaged tissues and organs based on the principles of cell biology  materials science  and The cell sources of urinary system tissue engineering mainly include: e Original cells: obtained from oneself  cultured in vitro  and then used to repair damaged e Urinary tract epithelial cells: Obtained through bladder biopsy and cell culture.
21,6031b4ff5c642696c0b50a0bbda1f0da78889a2496697655de8531aa4f5c9945,The collection method is invasive  but it is currently available.
22,829921a924045becc035ce45b8efce9f5fa2acfd9ce3fe9b78fa8bb100307163,Urinary epithelial cells are separated by urine or e Autologous epithelial cells  oral keratinocytes  smooth muscle cells (used to restore the contraction and urination function of the bladder).
23,79d937dfa806771848a5300d18254ec821641faa24537ddb50762d37152c33cb,e Stem cells: bone marrow stem cells  adipose stem cells  urine-derived stem cells.
24,584714ccc69064e679cdc786640e13d27bcd0f5b0e9943248d5f26ed7939dd06,The scaffold materials for tissue engineering mainly include: 1.
25,f8668d0c0bdf8fe7802dc70a93f959d75b3c0809f76d5d3aefd3fa668ae60c12,Synthetic polymers  such as biodegradable polymers: polyglycolic acid and polylactic acid- polyglycolic acid  both of which are biomaterial's composed of covalently bonded macromolecules.
26,31d277a534fd25aba3ca61410c39901cb0f19cb15242cd82dc988642956bc507,The main advantage of synthetic polymers is that they can produce organ structures of any shape in three-dimensional space  can be quantified  have good reproducibility  and are relatively low cost.
27,30a31b8c576e16a79bc6b55bb992601765b182eb1ace3f8f6f1dae82ab9d87e0,Because it is an artificial material  there are no problems related to graft or autologous tissue collection damage.
28,1be810dc24448697b2ee86ae39cabc3556a6d533dc6de84124a77284c3dffc66,In addition  many characteristics of such synthetic polymers can be controlled  such as porosity and mechanical properties; and can be degraded through hydrolytic pathways  and the residual debris can be eliminated through metabolic pathways; it does not contain any molecular signals related to guiding cell activity and differentiation  so it is more conducive to tissue and 2.
29,657ae2d75b12eb9b816467cd68b9eec685ef22468cb95bd56e27b1fdf6e4f512,Biologically derived scaffolds are decolourized tissues based on chemical and mechanical means  such as submucosa of the small intestine (SIS) and bladder acellular matrix (BAM).
30,0a4cc1c9f92a072c6d0149977f52fb745222949c7980af5bac7bd1c4374e8fb2,Due to the residual growth factors and extracellular matrix (ECM) proteins  they have the advantages like the inherent biological activity and mechanical properties of natural ECM.
31,a03734b83fb3ee6ec10228933081931b78872ffb63d5575776f17413dc65a27a,However  one of the main disadvantages of these stents is that the remaining protein composition and structure may be different from the body itself to be implanted.
32,4f8eda3da2db786231a22f1ea528893ec53b2330a31f66a34ddb86e0c5e96cc1,Most natural scaffolds come from pigs  so they may be a source of disease transmission.
33,0d9ff14613d054017d8e2d1478e3561aed4974231684288a46c858a52ed2d4aa,In addition  ethical issues will also affect its clinical use.
34,55e18657adb0ea0cd6f084024889719072612e5ba463c51df1aea0b14241dd24,No ascii letters. Please enter your text in English.
35,1ed73220526d637b21bb3f32cc4470b73de139db98718d73026636b1891ad9e0,Self-assembled engineering  tissue.
36,d7a86bccec436e2c5dc9d39622029efd8fcc1aa1f97b7db03c9d328b8c763e3f,This method utilizes or combines the self-assembly characteristics of cells to construct a three-dimensional biological tissue structure.
37,0575ce5e6bd0dfc77464c2ee9fdb949e79137f5d8108495411966ed8f0faef88,After decellularization and sterilization of biologically derived materials  the exogenous extracellular matrix material may still contain a considerable amount of DNA that may affect biocompatibility.
38,646b089d0bf46c01fa84a0a8f0f32281c8e477f4198fee982e27071de148ecf8,The self-assembly method can produce tissues constructed by the cells themselves  in which the dense extracellular matrix is produced entirely by their own fibroblasts.
39,23be1b46ae9b4af5856a0dc86fc2d23b6d47fdc6ee11824fbf5e6e21c6585e0e,The biggest advantage of this material is that it eliminates the influence of the biocompatibility of exogenous materials.
40,81405b245016890013e039994a544eb6d72895229d76c65e0dc98e0184da47ee,By reducing the immune response  inflammation and fibrosis can be reduced  thereby increasing the success rate of surgery.
41,d0662f57f08fd9d961001af399b766872c2a8498e55eb44c89c8114716af5ed3,In recent years  some of the techniques in these methods have been used in the reconstruction of urinary system tissues [1].
42,4f85dddc687e2127a0e6289f41575215cea21ff46ec1e4033283e5638c18e02a,These techniques require cells to receive corresponding signals for proper differentiation  so that the engineered tissues for transplantation and the target tissues for replacement can be exhausted.
43,25d757a54285a5e07da507dd4a84b8e41cee0857f6c85c33ad2275df628f4261,It may be similar.
44,6b52dd17f1b7d3d1bdb03129cb303ef9253a69ad5a71f772126c4534330bdf77,Studying and simulating related signals is a difficult problem that needs to be overcome to apply these technologies to other   tissues and organs.
45,156eca1156ef79966d7195c9e8fcbe21f973e67e2a176f4b03c942a4770b330a,In addition  nowadays 3D printing technology has been widely used in various fields  including nanoelectronics  medicine and tissue engineering.
46,9a581dd8511f0928b9513e985646164d3c75008262db5c98d45772e33df14955,It can accurately combine different materials with different substrates  making it the best choice for carrying drugs and conducting personalized medical research.
47,116832f7c191fdd2a0dedf55ca1c94da4a984ca90d5fdb3512c75e5707a52cb6,[2] Therefore  3D printing technology has gradually become an important part of the construction of tissue engineering scaffolds.
48,55e18657adb0ea0cd6f084024889719072612e5ba463c51df1aea0b14241dd24,No ascii letters. Please enter your text in English.
49,7ea71e016be848783fe48b4328eba98e0c4062c6523fd67b1b3b65090cb82c42,Application of tissue engineering technology in kidney The main components used to construct a functional kidney structure in tissue engineering technology are living cells  a scaffold system based on biometrics  biologically active factors  and appropriate microenvironments that promote cell behavior.
50,6844c226c2e8cddf913323fb067bfe29c5d6fd9504ff509bbd14f725c1b7e8a1,On this basis  the natural healing ability of body regeneration is used to guide the growth of new organizations.
51,bf637cdd96c67650d95e40b72f998b43915a2e788e4387debc1bbdef8e6d9e8e,The method is mainly to separate the donor tissue into individual cells.
52,f250ba008c047e0817e889e13751c9b43148613ae39bf256acabe3d64a83bd57,These cells are either directly implanted in the host body  or cultured and expanded and then implanted  or attached to a scaffold and expanded and then As a good carrier for cell growth  collagen hydrogel has been widely used in the preparation of kidney tissue engineering scaffolds.
53,7ca2a88bcaa9b73393e0e3859ca241218abc3bde02b8772abb508ceb06e118ff,The three-dimensional collagen scaffold was used to reconstruct three-dimensional kidney tissue in vitro using mixed newborn rat kidney cells  and it was found that the seed cells in the three-dimensional hydrogel scaffold could self-assemble into engineered kidney tissue containing renal tubules and glomerulus-like structures and be cultured in three dimensions.
54,129dca7d5467b4f989a4a4e0bd1f4183473aba195c3681f15fbb16a241073995,The cells can retain their phenotype  migration ability and albumin uptake function.
55,b8e66d5694ab44414f70705b86df366027175016ec4268098de32e64dcafa0bb,Hydrogel hyaluronic acid (HA) can be used as a scaffold material for kidney tissue engineering  but actual research and application have shown that hydrogel scaffolds and other hydrogel polymer scaffolds are difficult to maintain due to low mechanical strength and physical shape.
56,7ba506350da52c684a774c80f30302f07136c96cb92443083f7c0100b996a741,This results in a higher failure rate during use.
57,5cec93bbffba8d4940d0d46c25afb788fb8a7fb843dc374219b1937af9ed0857,To improve the mechanical strength  there are also studies combining extracellular matrix derivatives with synthetic biomaterials.
58,4c788afca848cfadd9ecb0510a7bd57e572d3cf2a663ec657c252393728dedb8,This composite scaffold is considered a solid carrier in tissue engineering [4].
59,aa0c116cd35940f15bf67fe0de609af6b1a7f1410f37fb9cb69256588dcf016a,In terms of decellularized scaffolds  the researchers decellularized rat kidneys  implanted epithelial cells and endothelial cells to create cell-containing scaffolds  then perused the cell-containing scaffolds in a director  and finally implanted them in the body.
60,2b7ef00e0b03ce5017c954c73fe2e6ddd4afa54acdb386101676f226bd22dd28,The bioengineered kidney after transplantation can produce urine and remove metabolites in the body [5].
61,5b6024b0daa637f7199bdae34e98a9c4fcb7f0e431b7f9ecc298dc326a84bd07,In addition to the above research  another main reason that bioengineered organs can achieve long-term good results in the body is a potency of blood vessels.
62,49e52a302953a24f440d1dfd273dc8d75c882b7ff32ceeb0ed62387e43ac69f6,In the case that the vascular matrix is not completely fused with endothelial cells  there is likely to be obvious thrombosis in the vascular system of the stent  which makes the revascularized structure lose its function.
63,7b27c2ed1aaccb3be0e075adc86a0561edbc0bd51a46fee3054efa2ba786463c,To solve this problem  Ko et al.
64,17ad93659beeb81ad09edf36467e70c8708b5b61dc4ed5272d85c2a7f667df46,[6] Adopted an endothelial cell inoculation method that can effectively cover the blood vessel wall of the decellularized pig kidney stent.
65,2deb2be07f792cf7155b0a006d6ab02119390d518f0bb754ce2ac9ac1ff249a4,The study of Lertkiatmongkol et al.
66,da722689fdeca5ac09dee39644b9e8a1fd670b914e061ca4d4abf3fc2e1b04e6,[7] Showed that the combination of CD31 antibody and vascular matrix enables vascular endothelial cells to attach to blood vessels.
67,b09fc4d75fbfe6f9cc9e428928b7a5f933d0f0cfc49a162b811cbf81917dde41,CD31 is also known as platelet endothelial cell adhesion molecule-1 (PECAM-1/CD31).).
68,a52add83740118999cc08836bd832946ae3991a433202523cbdf885ed2b3f6f6,Therefore  in future research  we can try to use endothelial cell inoculation method and combine with antibody to effectively improve the adhesion and retention of endothelial cells  and further investigate whether this method can make the engineered renal blood vessels Machiguchi et al.
69,b73dc6b646da6efa0c9e36fc8866a67c2396d3cab3113ea50e4fcde50d339834,[8] Used cell-cell interactions in conditioned media to generate neurons in the body for kidney repair.
70,3d1f6ef9454f53003f793f6a766d6b93edd6554cd4e9e3f2a52e739ad7831d35,Their research proved the inhibitory effect of collecting duct cell matrix of   vascular endothelial cells and renal tubular epithelial cells  as well as the stimulating interaction between vascular endothelial cells and renal tubular epithelial cells.
71,d4ba40774f1909ac3c1228e5af09057a184a13f98a3093b4b762e890b7853141,Since the collecting duct cell matrix is like the renal tubular epithelial cell matrix  it can cause mesenchymal stem cells to differentiate into renal tubular epithelial cells.
72,8d5ae76c5cee21c976206ee3d3e50798685184aee19efb3fed48aba6b0544fda,Therefore  renal tubular epithelial cells differentiated from mesenchymal stem cells induced by the collecting duct cell matrix can be injected into the rat renal cortex.
73,d6ca9bf7b6f08471889ddd35a1ff2f2bec26eb64b8ddaff351095fefc529eca0,Compared with unprotected cells  pre-implantation of cells with a small amount of gel complex for three-dimensional culture pretreatment can trigger the formation of more neoprene-like structures  indicating that the pre-treated kidney is injected into the renal cortex.
74,6d7b976dad53dbd0bd0bde29621ad592e727e23b25fc487bde1129946a5e4df0,Tubular epithelial cells may help repair dysfunctional kidney tissue.
75,b178adadc76880c8905bf0f10df03bad985f65f24feeae2719e0bb0b52785c41,Zhang et al.
76,33f4e5d9cfd7292c06ddd657c1758c10632712fb59223676e772cfb058195a5c,[9] Used adipose stem cells to differentiate into mesoderm and implanted into stents  and then recellularized the renal artery and ureter.
77,fd00405a978573f1d0173cbe6dc34db37da66a7349acb8e3a28f6c1b7f3f52c9,They found that the induced mesoderm cells differentiated into tubular cells and products more efficiently than adipose stem cells.
78,5177074141e7a8cd6448681a437305f3ae439bfae0fe45704f79066a506b496f,This will provide a new idea for the differentiation and induction of seed cells in the future.
79,aab1ba2133c83e8755fba0ece2cb89b2b5c1ec816072e8a13ddc625aa503e6ca,In order to make the above technology feasible in clinical transformation  other key technical problems need to be solved  including manufacturing a cell-free renal scaffold with clinical scale [10]; using clinically sourced cells to effectively recellularize the scaffold for reconstruction Fully functional kidney structure; reduce the cycle of cultivating engineered kidney; ensure that there is no serious thrombosis in the long-term implant.
80,cad3046e8e69ea0634acff63460685d0b53845d96ec1b6f95f0e203824b130d4,In addition  the clinical application of fully functional kidneys in kidney-specific diseases are still a challenging task.
81,de378c759d54137431f878c7e47fae5014b66aa35754d54dacadef7d9322f333,To achieve this goal  multidisciplinary research in this field should be carried out in a balanced manner  including the establishment of kidney disease models  preclinical research on the construction and application of tissue engineering kidneys  treatment methods for immune problems  and the regulation of innervation of implants.
82,41005d051846e9c97522b93df209cba6889759b2e71d06ac62b9df16f877f677,The function of the kidney is complex  and the structure is diverse.
83,26db48864f9a2dea8a7aa45ee29f85ed37c6b4657356b9f6eca42d1a6981c487,It is still difficult to completely reconstruct an engineered kidney that can be used for transplantation by tissue engineering in vitro.
84,1824d90459994993c4ef87f72113c1c5355f583ae5cccdb7b8b9d8e9710c8677,Therefore  it is necessary to continue to select and optimize to produce engineered kidneys in future research.
85,44e7cb0bd18a04ab3a3fd0b40cf5a3f47dd6d4931c6bb4770b36ecdac039f1ac,The cells  scaffold materials and culture  the environment are used to make engineered kidneys that function closer to normal kidneys and can be used for 4.
86,2cb20550f968acc9277e7ad995186afbe58f39ca261ac048e8e1e734be869415,Application of tissue engineering technology in ureter Acellular matrix is a kind of tissue engineering ureteral scaffold  especially when it is planted with cells  it can increase the formation of blood vessels.
87,245a2ee334cc6bc27bfbfa9b1363e7f98a3ef4938e0e4b63c6a14f344725f2c0,Koch et al.
88,997c51c97e505027f648a426aa384d2aad6711f9a1b9daa335360be416765ad3,[11] Proposed to use porcine acellular matrix cross-linked ureter as a scaffold for human arterial wall regeneration.
89,debc4f5ae725858d65a3e477b06eec2c3602d2463f18d2aa12a1bdb643f6dbf1,The results of the study found that the smooth muscle cells inoculated within 2 weeks evenly filled the stent  making the stent a substitute for the ureter for transplantation.
90,07edee53d2da8df6ccbbf84be9dce44921f2849ff7946b77d3e778681af52b2a,To improve the regeneration effect  Zhao et al.
91,cfd27c89f073bb40f7a0bebc445d3762f6793eca29bda834a873aac1729de307,[12] Proposed the method of implanting mesenchymal stem cells between vascular endothelial cells to bridge the long arterial gap.
92,0ad82a60821271469be9d272134ffc8322ae9eb93bce68aa03b1c759bd1fe583,The differentiation of mesenchymal stem cells can obtain multi-layered arterial tissue.
93,4a0c174af37d57e3103bfac2a8e41f29c1c03aeee76478a7274c01a6d7945172,In smooth muscle tissue stained with a-smooth muscle actin and smooth muscle myosin heavy chain  urothelial cytokeratin 20 and write-in 11 were positively expressed  which proves that this technology is useful in tissue engineering arterial repair.
94,75e7b01fd02081cc10b8723ccff380705c52cc658c7a1f9f5535834115975f18,Application prospects clinically  the treatment methods for arterial stenosis or injury are mainly insertion of a double J tube  balloon expansion  repair  and skin fistula.
95,8104ad434d34be3d51ddf9d93025f0a19712660d23570a20715c3658aacf9191,The application of tissue engineering technology will greatly improve the quality of life of patients who have to fistula  such as the ureter that cannot be repaired or has long defects.
96,b999a94933ca5a63afb339095f089432088ea01e7013d04868194002d82f372a,Clinically  the standard method of replacement therapy is tubular small intestine replacement therapy or tongue mucosal replacement   therapy  but due to many complications  it is difficult to achieve the expected clinical treatment effect.
97,4dc9312a2020c9eee63ef48673b68449608cfb3609d17ad8281866445eddec4f,Another pioneering research is the use of veins instead of ureters [13].
98,e9ce6055ec3cf7fb85d32664f1a57aa065ab4d3b02cfa24e434a66ab41431111,The vein is a pipeline for the transportation of fluid in the human body.
99,eca418db9658ca1ee0e73299683285918cce6a346bb8757a85a0265c579e648e,It has good elasticity and is very close to the ureter in function.
100,c9cda8e84f0b2295236bbef92d94c4637487149f801d01d99bbe3d3c39f835c8,However  the number of animals in this study is small  and the incidence of hydronephrosis is still increasing 3 months after transplantation  and the effect is not very satisfactory.
101,a7c38f835c227bcb958d2563e75dc053d33e7a7f92b89049e0d767e6ce24f25a,Further studies need to have good long-term results before they have the chance to be applied in clinical practice in the future.
102,b29e1a8800367a4b312b2f9a4174a55916664b1d7dd9090b26b0530274b645da,In the future application of tissue engineering technology  the concept of vein replacement in the above method can be combined  and the decellularized vein can be used as a stent to plant arterial epithelial cells and smooth muscle cells on the stent to achieve the function of replacing the ureter.
103,3b01a6c54f87507e8349334ebf4933767bc1a703357d777c4bc7a30b0117890c,The location of the ureter is deep  and the injuries are mostly iatrogenic.
104,da2441a1f234d3aa1792a5ea04c034552530a0be413940d791d99fdbf2031ec7,The patients with long stenosis are often older and have a higher tolerance to conventional treatment.
105,cb421956b4626ebee121278db5cc2c27253ceaa1e10be27597617635436fa7a5,Therefore  the applicability of tissue engineering technology for the treatment of arterial stenosis lacks effective 5.
106,c5fbd328656e348e5c2a12c52597aecc7cb002a8d06cc7dcfb1a9134ffd6c896,Application of tissue engineering technology in the bladder The materials for bladder tissue engineering mainly include: 1.
107,9383617929b78d40ab19775ee7cadba97bae83edee9368b94264879c47627194,Biomaterial's: natural biological materials made of collagen and alginate and cellular tissue matrices made of different types of tissues from pigs  such as the submucosa of the bladder  the submucosa of the small intestine  the dermis  Bladder  gallbladder  and amniotic fluid tissue  etc.
108,55e18657adb0ea0cd6f084024889719072612e5ba463c51df1aea0b14241dd24,No ascii letters. Please enter your text in English.
109,768f01a09bc5f11e9be9edb3c6763360ff6973137f9984bc88c08bf2f1c563da,Artificial materials: synthetic stents (polyethylene sponge  Teflon  etc.
110,0d0dcbfb849324684e6a92d44f5b3d016cc44f5cf7d22d5e599bd69ee74b5a2b,); synthetic polymers (such as poly- 4 -ester); silk-based materials.
111,a29774106d6b386946a4aede6833df6ecf220e3c43a10c4003988edfdca0bec9,These materials have the advantages of non-toxicity  biodegradability  and easy adjustment of their structure.
112,4d53551b825a93bd30a47dbf46cd3bab304245342c2159fedd173d08aee50d84,Among them  the silk-based sourcing has been removed from the silk biological material  and the human bodys tolerance to the silk-based material is equivalent to that of the biological material  so the silk-based material can be used as a scaffold in tissue engineering technology.
113,74055c87bb153c803b1fe0f54e90c4ef7534ef4479545d1932b273d53efb160f,In addition  Shakhssalim et al.
114,14bae24488f19b2688795a5c79ff27574910703835e17456705c8f2807082eaa,[15] Successfully applied electrospinning technology to prepare a polycaprolactone/polylactic acid scaffold for canine bladder wall replacement.
115,228a0f0f860819295f861dfa8f81e77dc15755c3830d570524b9763ec27994f0,Cell matrix was added to support seed detrusor smooth muscle cells  which can stimulate local in vivo growth of primary cells.
116,34cf404cc3299b3b7cd8ad5b1a506e55bac11302549a49ccc61ff593cde7660d,In terms of cell selection  in theory  autologous cells are the best choice for inducing tissue fusion and regeneration  which can effectively avoid serious immune responses.
117,4fea7140eac6300f6c9e7435453fdc7ca30eac7c5144f20ebac03103a524c342,However  if urine- derived stem cells are collected at the source of autologous cells  they are not suitable for urinary diversion.
118,5ff5e0c8124a22e667337d9d863c554fc5d65c58e1b1f66519bc8c6abfa7bd09,The main reason for patients undergoing urinary diversion surgery is that most of the patients undergoing urinary diversion surgery are mostly suffering from tumorous diseases  so the collected cell sources may contain tumor cells.
119,5547e8f87e3b28ef5c09b5120f30607d474beda65de0e9c7e321e3ee4ebe6246,Other studies have shown that in vitro neuropathic bladder cells (smooth muscle and epithelial cells) have low contractile potential and low proliferation and differentiation ability [16].
120,fa3e9eef9d79cd44405b3cb1f44774580bbb94033771944e6b9ac5b375897c8e,Therefore  mesenchymal stem cells seem to be a good source of cells in bladder tissue engineering.
121,d67e92d8128ff39f7d45c654c943c030dfb48610d90d79fdb9fc510bf5dbdcd2,However  since mesenchymal stem cells are not autologous bladder cells  they are easily altered by urinary toxicity  which may affect the success rate of tissue regeneration  but their advantage is that mesenchymal stem cells seem not to be affected by the initial pathology of the nervous system [17].
122,0a24ef349559e2d880776164d996636ee4ed59c328f684a429b9fe15bc487106,Studies have proved that the use of multiple cell co-transplantation can promote the regeneration of bladder tissue [18].
123,87b956209d35a754f761c2c034bb127ade80b9403b395a803f5b1e95a81cdd1a,However  insufficient vascularization of regenerated bladder tissue is still a challenge for bladder tissue engineering.
124,c2f2fb1f8aba9919e7fd7bf8738126f7fce6fcc81861bc6e5f1053c2a43c6f28,Zhao et al.
125,c0d7dcf5fa99d9741360e94b4ea895de4609ade084d7e081c88970f58922e206,[19] Isolated adipose-derived endothelial progenitor cells with high   proliferation potential and angiogenic properties  pretreated with hypoxia to increase the activity of stem cells  and then combined porcine bladder acellular matrix with hypoxia-pretreated autologous adipose-derived endothelial progenitor cells were injected into the rat bladder reconstruction model at the same time  and its feasibility and the possibility of bladder blood vessel formation were evaluated  proving that hypoxia preconditioning can promote angiogenesis and tissue-engineered Clinically  the ideal replacement bladder has complicated complications.
126,52c1d5b2eb1bd40be25e02718bf2e6994c7bd13f7695ac6f78cc3ade32935ee5,The materials used for bladder reconstruction in the past included gelatin sponge  Japanese paper  formalin-preserved dog bladder  freeze-dried human dura mater  bovine pericardium  and small intestinal submucosa [20].
127,44e3eebb7f57634820a9c6c7eda5063bb64c1388f23d2003b96210d10d006ac9,These biological materials provide a temporary scaffold for tissue growth  and over time they will reshape and degrade.
128,4041656dca9016a5608e0ad237aa9ff6f2e604fe40c5accee6698b2438813d4f,A common complication in patients with bladder reconstruction is the gradual decrease in bladder capacity.
129,96160c8f87c0021679badd95fa0f2bdab7aa32eeced37f9a828d662732880cd9,Therefore  although these batteries can benefit some patients  they are rarely used in subsequent studies due to their poor long-term effects and the existence of complications.
130,6026b116e4b3e2967d79bf08548ef757113045a4d4953cd38127f08b48c8735d,Be used again.
131,14a53ea5c9ffb5fed4cd90ea9c6ed72dfec88971264ca17d1f8c8ba880cc70be,To construct a tissue-engineered bladder  Bouhout et al.
132,5b2efafff2a754cc8de402a81674c7f23c6e63259c5ce1f8c4d340658da06025,[21] Simulated an autologous bladder equivalent (VE).
133,6e38d6c58b96992729df4914821a1616f8818765e0026abc15b08a94032be6a9,First  fibroblasts and epithelial cells were used for three-dimensional culture to obtain reconstructed VE; then they were cultured in a bioreactor  the reactor can provide a circulating pressure of up to 15 cm H2O0  which is then rapidly reduced to achieve dynamically cultured VE (DCVE).
134,e3f79e0753a33d68834e923f96e64435637f44484062fb038f781040be3dc87d,The study found that the contour of the urothelium produced by dynamic culture was like that of the natural bladder.
135,59489529506ffae6c56e492e872535bb4146541feaa2a48b4515f7552c5ed54a,Permeability analysis showed that its contour was like that of the natural bladder and consistent with the basal cell tissue of the bladder.
136,51b73e8bb78aba42b583a1638b4eebd5c81deac7a0cd79cd7726f68884f3121c,At the same time  it had the proper stretch ability during suture and processing.
137,d5ca60baf6d926bb4d89a2c2261565fba6fedb3db27303fa13bb8e0c5539bb4b,This new alternative method provides a new direction for regenerative medicine  which has similar properties to the bladder and can act as a urea barrier.
138,27e268f0871a2335d7c1d020f2a6e64c4265e20af671072df680951788cf94a5,These properties can significantly reduce inflammation  necrosis  and possible rejection.
139,6da049b60d2ccbe0a1024b965fd186caaca722d86b3f5fa588d871a5e61d2e48,Studies have shown that  compared with cell-free scaffolds  cells are implanted into scaffolds (such as: bladder acellular matrix; polyacetic acid/polylactic acid- glycolic acid)  the effect of cell growth is better [22-23].
140,014f91f831b17a6b16514eab077b05a47a3810d1fa0395be010e882f5021c6ee,In clinical trials  it was found that a cellular scaffold can only regenerate the urothelium but cannot regenerate smooth muscles to achieve the effect of restoring the contractile function of the bladder.
141,bb3b97c8e7b84622670f0468ee86465e05a2d81d4b04870a59469d42a151e594,Another study by Bouhout et al.
142,414ab71f791ee2b09fddccff02d346ee9ee984831829de7134c7b0734112f912,[24] Found that the use of collagen-derived scaffolds in tissue-engineered three-dimensional spherical bladder models can mimic the natural shape of the bladder.
143,5688cbf6761d7e4cbb7ddd105bfc1f537198f1d5bed2ad944a76bd13ea9d9622,Bladder mesenchymal cells are embedded in the scaffold  and epithelial cells are implanted on the surface.
144,1a8b0926459203a21b08a24de17c02f72c2c3227bca62b75809843646d8d378a,Therefore  the tension in the bladder mesenchymal cells and epithelial cells implanted in the model are like that in natural tissues.
145,f55279a3e7c4dc8fc4a8d4cfab14f0271b5bce211b92a06f694c5161a27c997e,The three-dimensional spherical bladder model has the characteristics of highly mature urethral epithelium  collagen remodeling  and smooth muscle cells expressing myosin show a tendency to rearrange parallel to the surface of the cavity  which has characteristics comparable to natural tissues.
146,bfa54637689ec046324c3f741dd2e0bba235fb33e3766d14cb64ba9b7c96f3ae,This technology can be used for Partial replacement therapy for pathological bladder The ideal tissue engineering  regeneration biomaterial should be able to make the mature epithelial cell layer uniformly and continuously attach to the surface of the bladder cavity and form multiple smooth muscle cell layers on the surface of the bladder cavity.
147,d1c3f227a7b16b3b277ceb55011c1c204de9e042d94708e53a4094a579e54bc9,It should also provide sufficient mechanical support to prevent renewal in the body.
148,3cb16fec19383603c1d43acbdf6a169893b01b2c9454ad7c367762054b357946,The tissue collapses prematurely before it forms.
149,97c82691b7cbf2d460c4c7c6f54d6b4306c034eb129fc2ed9238430abd2560d0,However  the implanted cells are suddenly exposed to an environment full of inflammatory mediators and activated immune responses  which will significantly affect their proliferation and function.
